feature,importance
Balance,0.09888927365506875
CreditScore,0.09753056035857513
Tenure,0.027707142801209873
EstimatedSalary,0.021350685978373272
HasCrCard,0.01411027061338561
NumOfProducts,0.002544166241094581
IsActiveMember,0.0017696616936916042
Age,-0.000202194681072998
Geography,-0.009797268055089514
