feature,importance
CreditScore,0.20900987749425762
Balance,0.17509020437222905
HasCrCard,0.06804798963795389
EstimatedSalary,0.06456476297844185
Tenure,0.04584981393254106
IsActiveMember,0.009414745089880472
Geography,0.007498636337738928
Age,0.0015114854848275127
NumOfProducts,0.000650719355461149
