{
    "f1": 0.4618357487922705,
    "roc_auc": 0.665804613000017
}