{
    "f1": 0.5856079404466501,
    "roc_auc": 0.8591986266073726
}