{
    "roc": [
        {
            "fpr": 0.0,
            "tpr": 0.0,
            "threshold": 2.0
        },
        {
            "fpr": 0.1492760858711932,
            "tpr": 0.48088531187122735,
            "threshold": 1.0
        },
        {
            "fpr": 1.0,
            "tpr": 1.0,
            "threshold": 0.0
        }
    ]
}
